Waktu,Samarinda,Balikpapan,Sendawar,Tarakan,Tanjungselor,Malinau,Palangkaraya,Purukcahu,Pangkalanbun,Banjarmasin,KotaBaru,Barabai,Pontianak,Ketapang,Sintang
Jan-01,162.7899998,144.9500003,179.1499987,84.99000013,92.15999973,84.98000044,129.6600004,128.6199998,131.5000007,151.6199988,102.6499995,191.260001,58.57000001,106.2799988,104.7500002
Feb-01,133.2200003,150.6799999,119.720001,38.64000016,52.84000027,59.16999975,162.57,147.7500008,42.57999951,144.1599999,117.9899996,120.1800002,31.76999997,51.93999991,76.04000014
Mar-01,82.97741677,90.60840816,118.1920762,132.7943065,120.7258916,141.647497,161.5577523,137.686089,61.22242305,61.35676557,98.5443661,95.99432737,64.71171244,96.8544117,100.3219995
Apr-01,101.9199987,94.1799996,119.0199997,83.9800002,76.58999914,110.42,219.6100012,138.5200002,76.50000021,108.9699988,32.7200001,73.14999979,80.38999963,141.5400006,213.0299992
May-01,19.10999993,16.9000003,80.43999934,101.61,77.33000073,184.6800015,76.98000014,98.89000016,90.93000004,25.30999976,26.70999985,19.46000011,67.56999938,48.62000024,122.97
Jun-01,133.4899999,111.0400005,83.63000055,32.17000026,39.2299996,46.9100005,66.74000035,81.79000062,32.77000035,45.44999942,74.47000045,101.5199997,43.6900001,62.28000014,36.72999972
Jul-01,30.99000033,32.00999991,44.65999961,81.03000048,73.02999991,87.1099993,51.85999984,56.19000039,58.63999945,41.73000016,18.14000018,53.51000042,4.339999959,73.1999999,75.28000066
Aug-01,78.87120386,93.62094046,100.3080834,71.40649284,44.48528618,71.53005051,46.95170209,36.24986343,60.51174506,47.57888628,61.80216757,47.92805103,-0.000959598,2.921809103,29.9688702
Sep-01,157.0700011,129.0600005,152.9699989,94.74000049,75.48000018,93.23999944,122.7700005,173.0499996,117.1599993,97.97000053,79.03000001,138.9999999,45.23999962,101.8199992,159.6699979
Oct-01,151.2755586,185.8131764,112.1254188,61.9074467,67.48109926,161.6884981,127.4061203,86.40807118,127.6125246,64.18727738,104.1081831,143.6978509,118.653628,116.5700128,129.5127958
Nov-01,102.7099992,107.0700002,101.8299996,46.89000022,50.45000009,126.0199998,116.1599994,80.55000004,139.9199995,72.64000025,114.3900002,132.1499999,50.23000023,103.9299991,109.9400013
Dec-01,105.6047523,105.5614266,108.6233207,28.15515771,36.10626399,74.99238429,45.86209425,85.08610842,79.87712579,76.71966026,118.8836574,133.5646072,51.47167121,141.5449125,81.83095685
Jan-02,68.6600004,107.92,167.5800005,31.75999963,29.27000001,60.33999991,190.4399977,133.0200016,126.8600004,346.989998,107.4700006,167.3600008,83.90999937,94.62000072,94.76999883
Feb-02,9.129999872,8.150000004,70.70999953,23.86999983,42.14000022,61.92999932,132.899999,89.4299998,75.7399998,129.1800005,57.0399996,60.96000023,86.58999987,52.18000039,52.81000006
Mar-02,11.2699999,18.54999979,97.05999987,25.9200002,37.43000016,58.44000056,80.74999993,98.85000034,116.230001,27.87999979,7.65999997,23.91000001,114.6999986,101.779999,115.0200006
Apr-02,45.25924161,40.60105196,146.5032165,60.95044732,70.1816344,71.12875897,153.637093,156.5067113,152.6801749,84.72110568,28.9831429,33.39908101,202.0422407,161.6811965,136.1605527
May-02,39.65999983,51.36000052,79.98999999,85.76000038,52.42999999,88.57999936,106.5399995,87.04000007,51.05000007,67.26000006,72.67000037,107.2799996,54.58000076,40.98000008,109.9499996
Jun-02,68.15999968,64.69999878,100.4200011,55.95000008,35.51999995,91.48000044,63.63999961,69.56000033,55.13000043,44.08999997,81.84000029,106.359999,39.64000012,55.66000085,126.9699992
Jul-02,27.75000017,26.73999996,39.72999991,41.04999971,32.3699999,149.4400009,47.18000071,35.3499998,25.46000013,47.48000039,43.55999944,50.15000068,0.699999988,10.31999981,49.84
Aug-02,48.13000041,43.1100002,139.669999,40.60000001,39.33000003,127.2099999,54.43999943,68.41000052,7.990000039,57.12000046,45.42,94.3599994,0,8.98999989,18.37
Sep-02,52.1800004,62.00999928,143.120001,67.77999943,43.86,100.6700003,52.46999994,109.3699998,26.75999954,112.1200001,52.47999985,69.11999968,0,22.77000016,19.20999992
Oct-02,59.40927312,69.99737408,127.3718269,102.2042926,77.90208145,122.7095885,113.8494826,94.45867529,60.26052727,62.70153089,31.82225403,70.03873916,25.75741865,53.57940545,73.52387789
Nov-02,143.4999994,160.2099996,147.6400006,74.28000024,71.03000033,108.3099993,132.4699999,100.7499993,128.5699978,103.6199999,101.3800003,146.8099999,68.57999982,109.4999985,152.4700024
Dec-02,73.48000096,66.18999963,144.9100003,23.24000034,35.97999978,56.56000039,102.9999996,135.4100008,147.3599991,81.73000002,57.17999979,85.6699999,80.26000007,184.0600003,81.57000062
Jan-03,180.1700001,186.4599993,105.0899995,30.10000038,39.44999966,95.66999984,185.7299994,144.8400013,76.93000013,353.2099987,258.2699995,247.0200006,52.31000022,70.81000072,47.5499993
Feb-03,14.43999995,39.48000014,90.48000133,10.97999984,27.86000037,37.73999977,144.1100008,103.4500011,103.9599989,202.1299993,35.93999976,106.1799997,99.66000009,124.3400006,86.2300005
Mar-03,43.18000024,57.5900003,117.7700013,112.9199995,101.1199996,119.1200001,147.1799993,120.5899999,80.13999958,51.53999949,36.39000035,60.96999988,130.8299991,93.97999884,132.9400005
Apr-03,52.86999989,75.02999938,152.9999995,27.25999993,44.99999964,59.96999985,151.1799996,141.1799994,140.3600003,84.36000088,47.08999969,78.29000007,140.9300002,175.9899998,158.2700008
May-03,78.80000013,93.66000062,68.21000025,60.29000056,65.77,57.21000019,47.02000003,48.25000042,61.91000059,53.4400005,45.8599999,58.00000052,77.08000009,33.37999958,48.57999997
Jun-03,66.08999915,63.84000117,119.2600009,68.86999896,46.18999964,68.16000009,66.06999919,106.2500003,36.16999991,46.31000083,37.82999996,65.86999991,18.68000017,30.95999973,103.6100006
Jul-03,85.37999999,96.07999958,51.3499997,62.50000045,52.9299998,129.2099997,71.86999972,62.9499999,47.34000006,59.52999981,65.03000053,83.13000004,9.360000074,13.53000012,56.36999992
Aug-03,71.77999989,67.36000043,96.98000045,86.62999982,75.10999908,119.2100006,101.52,78.30999988,70.40000069,41.84999973,54.21000031,63.54000018,20.61999917,13.73999986,82.29000098
Sep-03,103.5900008,93.37999991,86.00999993,107.3999994,98.76000002,185.3799984,148.8400009,94.85000002,75.32000014,45.87999997,53.76000054,71.90999984,22.71000005,19.07999989,56.02999985
Oct-03,130.3599997,171.4899992,143.279999,72.72000021,62.6400001,132.1799988,169.480001,112.2099993,127.3199994,113.0100005,117.2499991,130.6199998,141.6800022,102.3600012,117.3199994
Nov-03,88.15000033,91.08999907,182.4200007,49.80999997,61.24000002,118.4700009,120.3200006,128.1599991,153.9100013,70.64000019,73.42000046,87.94000058,86.33999912,99.19999941,117.4299989
Dec-03,228.1300024,204.8799993,155.1999995,81.73000053,64.14999941,113.2600008,144.4000007,111.9300002,91.40000018,216.4599991,170.2899992,243.1799998,122.7299994,100.82,111.1999995
Jan-04,79.6999995,107.1799998,199.6900001,70.89999962,33.38999975,102.8100002,264.919999,160.819999,108.300001,440.6899991,107.1199993,228.4399996,77.75000043,122.9200003,117.099999
Feb-04,46.0799999,50.54000038,55.57999983,31.67000014,20.32999983,71.0800004,118.5999982,42.95999935,75.03999963,82.31999926,22.77999993,53.32999973,70.41000001,120.3399999,97.65999907
Mar-04,96.06999936,73.21999941,68.02000073,43.32000047,20.35999998,60.38999984,101.2200008,112.1600005,54.88000013,109.690001,38.33999994,89.24000006,76.20999996,76.09999974,86.17999978
Apr-04,54.90000033,44.5000007,123.8399997,82.86000034,98.13999939,145.460001,227.2599967,129.8399999,179.04,42.5700002,52.40999984,55.35000023,94.4099998,137.4400022,210.3499994
May-04,102.2699993,93.58999839,97.32999843,71.63000083,53.09000024,85.3999995,80.29999994,107.3900004,61.01000023,68.51999961,124.4499995,98.90999995,30.56999974,45.61000088,87.85999949
Jun-04,51.30000048,49.33000032,56.53999928,34.30999973,36.99999982,76.12000042,14.70999989,36.86999986,11.03,9.389999973,29.75000001,29.91000029,19.47999968,13.14999984,38.72999975
Jul-04,94.40999952,108.2100012,92.97999957,116.4799994,82.68000057,129.9800005,112.6899999,101.6499997,114.6300001,72.29000063,69.08999991,93.28999956,25.68000025,47.08000031,139.2400005
Aug-04,12.93,13.72000007,71.20999999,47.8200002,36.17000027,52.01000033,64.69999883,77.7899995,1.670000017,29.09999998,16.15999986,23.08999959,0,0,2.230000019
Sep-04,83.11035047,84.17621699,99.39084312,112.6773057,107.8541381,101.8749122,132.2461458,113.5288867,103.8981387,101.0730176,72.14261672,102.1688798,3.842380021,72.52783843,84.77177403
Oct-04,64.51999936,60.28999888,114.7100003,30.0399999,30.7499999,78.87999937,69.22000039,55.84999999,85.84,112.760002,78.71000029,75.0600004,10.6000002,76.15999958,56.08999932
Nov-04,108.9299993,92.32999993,187.8700003,50.42999944,42.74000028,88.10999969,134.1800001,136.6900004,179.9099995,101.3900002,59.40999983,102.6800007,69.96000048,74.26999943,107.1100004
Dec-04,201.3699996,238.5700013,247.0599981,49.36000016,85.84000027,173.3199993,178.6400004,193.6600001,123.4799994,269.3100015,152.4199991,253.9900007,78.44000025,138.1299987,125.3700013
Jan-05,73.08999993,94.89000062,45.2299999,19.21000016,31.05999997,93.55999994,199.4799978,67.3200002,73.72999999,182.0299994,54.45000045,108.4400006,42.93999967,69.3800001,101.4699987
Feb-05,1.540000014,2.570000054,95.45000088,17.12999988,20.29999965,42.25999975,158.7200004,94.92000011,114.6899999,80.37999871,8.309999909,19.06999964,84.68000013,95.24999985,136.0000012
Mar-05,46.49000002,29.34000005,118.4200007,66.23000002,54.0899995,45.93000054,136.8899999,153.8900018,96.30999941,64.12000031,15.94999977,41.01999965,72.32999995,121.8799988,104.1300001
Apr-05,33.38999993,31.42000039,48.85000028,40.63,48.32999974,118,228.5499993,104.2799984,79.83999994,28.74999988,23.44999989,38.78000014,93.81999941,122.87,143.8999995
May-05,95.57999959,91.47000005,65.7499993,112.4900008,90.3900001,173.7299995,154.6599982,104.5699993,144.9300001,96.7099999,66.15999968,94.2900008,35.37999997,93.58999884,111.7699996
Jun-05,87.6599996,107.6599993,82.62999953,68.41999957,85.96999969,134.7299992,101.8699998,119.2799991,72.42000026,45.99000047,86.71000001,86.34000028,14.40999982,20.39999992,112.3999997
Jul-05,98.68999898,85.06000012,74.99000032,51.12999979,48.75,120.1699996,67.62000052,83.52000032,70.92999953,53.30000035,44.65999943,53.78999971,49.55999999,61.5999994,55.90000015
Aug-05,50.69000022,60.0400006,74.33000003,53.90999992,47.32000016,136.3,145.3800011,82.14999849,30.22999999,77.23999945,50.04000016,67.94999957,37.12000027,58.61999986,88.5000003
Sep-05,62.73007245,72.97041482,48.1305668,71.42888772,56.88712166,115.3090354,131.4466451,55.43890235,87.21420222,50.77509906,52.76160496,46.89844749,35.47509976,58.1745629,53.81814139
Oct-05,165.959999,149.5799994,205.7999982,63.23000026,61.43000032,200.8700002,161.6700001,173.4599995,145.5399997,87.87999984,64.0200001,144.3700001,112.3100007,135.6300003,164.4500009
Nov-05,158.2900001,134.7299991,86.72000062,66.98999932,65.51999961,189.2399987,160.4399991,105.4400008,99.54999992,91.78000021,81.74000002,109.4699994,66.85000011,171.4000001,178.7100011
Dec-05,104.9300002,79.52999979,96.96999952,61.97999981,86.16999909,191.0699999,124.6799997,90.39000082,73.12000048,98.95999958,57.55000026,98.45000038,87.8100004,93.93000096,81.12999991
Jan-06,173.6539057,172.0948484,165.3084047,81.21523038,63.19570064,119.1385722,133.6932707,102.1687668,66.18560406,164.6928611,63.34699094,135.0280519,42.39776826,62.93422347,103.0985047
Feb-06,29.05577708,53.06511178,191.3312968,96.22622042,67.08790455,96.50048447,215.3300429,142.7839205,79.00986813,289.1342873,62.46489817,123.3451359,43.26965675,112.5630969,141.8055915
Mar-06,17.36852024,15.9811106,85.08663947,99.55480174,86.91520763,114.3548746,109.9214228,143.8006074,45.79312735,34.81511763,24.16895688,41.39364557,69.67982662,70.84277468,137.0907699
Apr-06,77.41000019,84.02000105,214.4000016,89.8700006,96.81000024,124.8400001,194.4100001,124.1800001,81.20000044,51.91999962,47.1699997,70.77999996,71.45999937,101.4600005,164.8800005
May-06,86.46999925,86.01000069,98.19000003,94.51999995,92.27999961,131.36,141.6999994,115.7599997,77.22000033,146.4399995,75.7299996,66.85000027,69.96000024,70.70999935,141.809999
Jun-06,132.3899984,110.6799999,48.6500002,91.7599996,84.14999935,181.4400012,67.03999944,61.20999962,57.77999991,48.5500005,67.5200001,94.79999953,118.7200013,75.63999933,130.7499997
Jul-06,39.22999939,47.19000044,52.54999967,60.27000046,50.44000044,167.7999992,42.49000049,39.12999983,12.60000014,25.1299998,16.88999974,17.50999982,19.1999999,7.590000033,35.3499999
Aug-06,52.75000007,48.23999993,41.97999984,48.34999958,51.80000027,98.85000071,72.5,25.44000028,5.129999965,83.05000041,28.40999976,51.91000004,0.25999999,0,12.44
Sep-06,94.47999921,84.26999944,59.78999968,76.94999975,63.87999964,107.5999991,68.65999919,65.31999895,18.91000003,71.09999973,62.40999937,65.23000008,1.100000009,20.62999982,23.56999952
Oct-06,38.09000011,32.39000002,54.94000047,72.76000005,58.02999979,70.46999973,64.46000002,40.29000005,22.24999952,56.76999928,52.27999961,63.05000036,0,10.12999988,3.960000038
Nov-06,134.8899992,94.18000051,180.1800012,75.83999982,63.0200009,83.28000027,101.6300007,122.4600003,148.01,83.83000017,38.27999966,81.70999981,56.32000102,86.5299999,114.0400012
Dec-06,163.5999999,115.2999997,238.4299995,62.47999987,82.17999989,92.90999967,206.4100018,174.4900004,130.4699993,215.7399984,125.8800004,197.100001,87.84999972,139.5399998,154.7200002
Jan-07,147.0799991,107.3399993,188.8999989,134.4899989,157.7099997,212.93,144.6400005,125.5899998,71.52000043,255.3799973,61.85999965,193.4399983,39.77000078,96.48000062,123.72
Feb-07,66.72999949,77.10000035,118.5199995,36.93999964,36.12999955,33.48000002,175.9399999,120.5799984,103.7000006,107.0900001,28.69999955,100.7600006,90.64999987,89.69000006,103.3499997
Mar-07,33.3668864,32.27490775,107.9178205,91.56063423,57.59143884,63.5483273,120.3706368,99.4019096,96.9949014,59.74587069,43.60369665,65.49416026,39.81716785,108.0755474,103.7977785
Apr-07,46.36000045,39.52999952,106.5399993,58.60999936,68.82000014,73.83000061,144.8700002,181.7799994,114.4900003,57.34000003,37.69999988,56.83000018,125.7199992,159.7100005,199.9899991
May-07,57.05000071,49.65999943,91.90000032,103.2900002,106.7999995,144.1999995,128.3200006,79.78999977,79.25999978,57.43000025,38.88000004,64.51000037,109.0899998,88.93000028,151.0199988
Jun-07,144.6099999,108.8099997,107.4600001,77.70999983,49.62999989,162.2500007,108.6400006,95.70000064,81.86000122,73.03999999,108.3500007,151.5499999,77.6999996,32.83999999,100.5399995
Jul-07,147.48,135.9400004,120.4100003,40.79000011,35.94000009,95.37000078,93.33999994,80.02000007,101.9300002,112.2500001,176.3900006,170.3199991,77.99999963,98.01000112,98.68999949
Aug-07,79.94999976,80.00000041,59.96999981,48.15000021,62.12999961,122.4499999,110.3499998,89.9499996,78.08000046,71.37999977,48.38999958,105.2599997,43.81999987,37.35999966,138.0999992
Sep-07,105.5999993,86.14999945,116.4500001,87.87000018,57.62999977,78.61999959,97.87000007,78.91999915,71.03999993,59.22999925,91.3199992,87.14999964,10.89000005,51.41000044,71.44999954
Oct-07,115.6000004,121.1400003,114.9100004,87.99000004,93.80000034,171.0599997,135.8800015,116.7999993,164.6799996,86.05000041,108.7400003,132.4299994,135.2599999,77.3000004,129.930001
Nov-07,130.7499997,86.74000002,100.1400001,51.0399996,47.20999989,116.97,138.5200011,82.12000024,99.74000038,91.49000078,65.39000071,81.67000028,77.4499989,109.3799993,148.2800002
Dec-07,232.8600011,208.9199993,193.5400013,74.41999948,71.64000097,90.47999936,157.3799989,152.1699995,99.9599998,214.1599975,113.680001,168.6499999,122.8199984,85.42999972,186.3899996
Jan-08,52.79999995,43.75000013,218.909999,109.7399991,70.38999978,144.5499986,184.5999996,133.8100005,77.11999923,191.4699993,98.49999941,84.99000053,26.36000013,29.30000073,70.49000084
Feb-08,105.270001,114.3400004,79.17999929,142.1299992,89.94999969,200.6400004,165.2500003,104.7499995,45.55999997,190.5399999,49.49000015,124.7300002,47.11999999,47.99999915,83.53999943
Mar-08,130.1599993,134.6400002,202.7699995,159.4400002,129.9200005,91.85999972,181.8100004,172.1999997,115.7099996,142.5700004,89.35000054,170.3599993,71.92000043,59.80999967,195.3400004
Apr-08,82.0899998,81.51999968,130.9100002,99.51000023,124.9699992,184.5300007,111.4399991,131.0899993,148.4800003,56.4,29.1800002,70.17000015,117.7399992,127.6199997,101.1700001
May-08,47.90999981,49.78999957,62.31999995,55.53000024,39.59000026,166.1700005,96.58000042,103.910001,59.61000037,46.18000059,41.76999928,31.61999981,60.46000087,97.79000041,78.20000027
Jun-08,71.68000019,83.39999932,111.429999,76.08999953,66.96000017,111.3100004,68.65000006,139.4499989,71.56000061,45.10000008,50.7499999,64.72999932,38.81000043,49.48999968,112.8900005
Jul-08,150.030001,109.6599997,109.1799998,77.65999988,76.56999974,147.35,66.99000028,100.9000001,37.39000019,96.20000026,83.2900006,108.9800001,37.15000013,26.24999994,123.1500016
Aug-08,87.97999957,79.45999987,133.2699978,61.83999993,47.67000017,94.18000118,181.8500024,174.7599992,158.9999995,110.7899991,55.76999979,107.3400001,45.22000018,167.1699999,203.2800002
Sep-08,89.62999974,97.28999987,100.5899995,87.6299997,80.53999984,159.7700007,86.69999993,87.47000052,88.50000006,70.07000076,71.80000031,83.19999947,53.40000007,71.28000155,124.8599992
Oct-08,112.6342355,127.3756781,99.96140711,99.96947842,85.21290355,103.4824087,128.0208395,78.50097878,109.5882512,69.01912362,91.45258935,100.5839224,188.7761856,116.9713133,164.3644086
Nov-08,143.6100002,140.11,110.5800007,73.33000025,107.340001,162.7300001,116.52,156.7799993,75.3,75.22000019,74.12999902,97.98999987,97.00999938,110.3999994,135.11
Dec-08,210.2099994,192.3199994,224.7000004,91.53000039,71.68000019,114.6600008,163.2699986,164.5800014,140.3900008,175.0600005,126.8499998,209.18,81.18999974,108.4700009,102.419999
Jan-09,193.8400003,153.3599991,442.2700013,132.1100003,97.68999931,166.6599998,278.930001,177.6800001,98.4100005,181.789998,90.10000074,267.4999987,37.95999962,63.07000007,139.8699999
Feb-09,123.1999991,97.44999937,147.7799996,88.13999873,55.66999981,87.93000022,136.82,163.8199996,66.84999961,118.8100004,46.77999965,137.6100009,59.26999979,41.76999986,110.1099998
Mar-09,66.6399999,82.16000006,68.49999999,130.8299993,133.0099997,113.3299998,223.98,157.3399978,88.60000022,79.13999936,39.07000038,62.46999963,63.02999967,138.2900005,106.2399999
Apr-09,29.91000012,30.2299996,153.2299997,71.16999987,59.54999948,100.9499993,209.6800004,120.9199996,108.5999996,76.22000077,34.08000031,43.20999987,65.24,119.6500001,155.7600001
May-09,77.07999983,59.74999932,63.0000003,91.46999952,41.08999978,109.6599992,76.78999923,75.34999979,55.51000011,14.31,25.70999989,33.70999967,52.74000034,73.81000018,68.53999995
Jun-09,48.11999967,34.14999989,77.62999883,97.98999915,74.52999987,234.7599993,55.43000068,77.29000002,24.23000036,34.33000039,32.13999997,52.9800001,9.670000017,29.96000014,107.1600001
Jul-09,77.28999904,60.61999982,32.1499996,54.37000021,59.83999979,155.6900009,40.61999979,57.17999935,73.82999963,27.80999987,62.10999988,46.92999984,18.43000014,24.62999997,48.89999989
Aug-09,86.48999836,84.32999936,88.80999956,55.70999943,58.20999962,126.7699998,112.8399998,105.750001,33.89000016,100.1399988,54.91000027,73.42000049,0.819999993,21.46999991,37.44999945
Sep-09,37.15999949,41.39000024,55.30000012,47.2699998,33.56,80.55999959,44.92000028,55.5000008,20.34999958,37.57999983,34.95999994,58.27999928,0.919999987,29.29000092,22.64999968
Oct-09,55.8399997,49.16999985,95.59999996,70.94999999,72.13999984,202.8900008,126.8300004,76.31000024,174.9699993,88.31000071,75.22999999,62.71999965,94.96000259,93.52000087,81.14999971
Nov-09,132.9999995,140.5200001,192.2100012,61.81999978,49.92999959,71.26999959,95.84000003,110.4100001,171.0800009,107.6200014,178.5799992,136.7699987,36.86999992,85.13000032,133.4000006
Dec-09,101.2999993,96.58000026,166.9499998,35.30000004,15.0199998,64.90000004,211.3099987,133.3700001,144.8800002,137.2700007,125.2500012,173.3699986,50.63999988,121.16,158.1199992
Jan-10,62.47999991,81.7799991,146.8700002,65.33000022,71.0700005,139.5500005,191.2199994,74.25999954,88.19999954,157.0400017,27.39999982,101.1800007,83.08000005,88.72000131,149.7
Feb-10,10.23000017,6.759999834,52.22999942,11.8900001,20.03000051,28.43999925,131.6400004,74.64999926,114.5100004,63.70999993,2.060000006,48.44000078,59.69999909,160.2400012,105.7500006
Mar-10,20.25000051,13.66999988,53.88999993,61.95999938,39.42000049,38.27000013,100.7099992,142.7500005,105.0799985,79.31000033,12.00999989,30.4799999,108.3999996,119.2999993,103.4000005
Apr-10,35.8599999,41.66999948,134.7900001,76.12000015,86.22999999,123.4800001,239.0999994,197.1800001,46.21000007,85.19000087,23.36000015,77.14999955,88.35000066,95.26999895,123.9399999
May-10,50.58999928,53.07000016,97.37000094,85.32000023,66.40999964,68.44000015,120.3299992,149.390002,84.02999961,74.02999999,74.29000006,71.31000025,77.35999984,110.579999,122.8500001
Jun-10,136.5599993,134.1700005,126.4900001,39.12999994,46.34999996,58.62999997,68.56000084,127.8699997,71.2300003,50.96000039,121.9999999,110.9300001,96.56000012,112.7999998,107.9300002
Jul-10,139.5900003,130.6099998,112.6799998,90.30999908,84.96000022,98.31000036,103.4500007,104.2000005,127.1599997,107.0900011,98.90000011,117.2499997,155.1100007,123.6500003,160.2699993
Aug-10,96.35000022,95.06999981,83.48000056,71.27999999,60.89000006,93.7199994,94.18999952,87.40000059,142.7900007,85.38000023,77.67000022,106.9599999,136.3500003,128.2200001,229.4600015
Sep-10,120.0900002,113.3199997,109.3400003,56.15999967,70.28000042,88.44000009,77.87000066,98.03999944,190.0399999,67.12000012,101.3400004,113.2699994,198.6700005,212.7099991,138.5100007
Oct-10,131.8999997,107.5799993,126.7400007,87.34999993,56.35999972,102.1599993,143.7400006,97.79000033,101.9899995,86.10999938,146.9700004,142.3499996,188.7799996,122.3600003,105.5700001
Nov-10,78.56000022,123.5600001,147.5499998,94.55999997,54.02999985,85.58000073,102.8500009,106.9600001,150.38,78.91000009,56.0699996,115.3,54.50000026,141.3899994,121.2500005
Dec-10,181.9600007,127.2900001,115.2099999,96.59999964,83.88,143.8800012,107.0800001,107.6000002,77.69000024,99.0999991,128.7899998,128.1799996,80.47999964,54.1600004,86.83000025
Jan-11,154.7299998,129.2499995,197.7299991,120.8200006,113.4900005,238.840001,165.5200004,212.8999981,71.20000011,411.6199973,124.1899996,187.8700007,43.22999997,95.48,91.35000008
Feb-11,36.19361447,52.09531926,105.6517421,93.38022023,82.81429988,157.9846461,172.8362816,172.81414,45.70700481,107.5321184,49.67359922,58.96481819,35.50544882,48.5986315,84.82503264
Mar-11,50.0164238,77.10004499,105.9048715,126.1855652,135.8230717,157.8707724,155.6270493,163.7051352,43.08952059,82.50284087,39.2210171,86.53942672,53.23709636,113.9763018,92.02304611
Apr-11,65.48000037,65.70999911,80.27000016,132.4399998,139.4499988,223.8399981,149.4599995,142.2500012,71.79000023,54.37999997,30.76999973,50.20000036,45.77999998,89.32999995,157.4600001
May-11,45.65999998,34.69000032,59.74000023,111.3700001,81.50999972,218.2899992,100.4400001,86.91999982,66.10999992,38.85000005,28.96999976,69.32000047,17.69000003,43.89000019,128.5600004
Jun-11,62.88999946,62.2499997,132.1700004,52.76000002,47.2099998,100.8500006,60.81999969,76.31999958,34.02999987,48.13999996,47.51000002,68.38000015,12.06000009,7.660000026,69.12000048
Jul-11,35.68000042,20.9500001,52.41999963,31.72000006,24.3100002,104.6300005,54.74999991,38.68000001,44.74999976,18.00000004,21.00999991,21.17000026,10.35999973,49.11000001,45.91999999
Aug-11,51.95999986,38.99000019,78.18999945,84.06999968,83.68999974,168.5699997,66.9500002,83.34999967,33.40000018,64.21000012,38.98000013,48.77000018,6.000000179,13.19999999,21.88000011
Sep-11,93.81000012,89.71000057,74.1300008,94.82999918,87.83999979,147.1800002,104.5699987,95.45999913,84.15000027,54.65000041,80.09000073,72.18000052,18.91000029,31.90999985,80.81
Oct-11,112.0100001,128.429999,254.5800011,56.88000029,42.04999979,136.1399999,115.9500005,208.6299996,177.9200009,77.7899997,102.6000004,158.4700006,80.52999996,213.5600005,129.4000007
Nov-11,79.07999972,90.97999978,134.4700012,78.49999949,41.57999986,93.76000014,156.5100007,114.4099996,106.4400018,60.1699999,94.22999982,87.47999983,97.06999938,119.8999999,157.1900011
Dec-11,200.9400004,170.0199995,109.5699998,97.77000034,71.78000006,165.0899984,157.9200002,178.0400006,128.3799999,253.9099983,167.6499994,169.9700007,129.5399988,114.3399987,107.1000002
Jan-12,143.1600006,269.6800004,214.0699988,92.30999982,84.52000079,161.7099999,191.1399984,151.8400004,38.16000023,197.2899997,188.1699994,191.7100001,46.41000022,41.12999971,75.02999996
Feb-12,94.38000029,80.30999992,160.0999984,100.2000009,60.58999988,131.8500007,228.1400006,178.3399999,77.44999963,185.3999983,53.06000034,69.71999971,87.30000007,82.68999998,99.46000057
Mar-12,100.5175655,79.44156737,63.79846476,95.12794676,49.8440293,140.8045593,134.4453858,106.2456456,57.34894208,119.8016536,48.31363997,97.54906598,48.2953012,52.20176772,98.32657217
Apr-12,78.35999972,67.71999986,80.27000126,145.8099986,120.0600008,122.6900017,210.749999,81.74999969,164.0900004,86.72999978,20.37999974,32.25999999,79.46999928,134.31,144.7300006
May-12,38.97999986,47.97,42.44999973,76.41000003,70.88999963,249.9399997,84.89000028,67.47000015,89.91000015,33.73000025,21.15000014,28.06000026,45.18000019,33.28999981,84.51000026
Jun-12,63.64000044,93.99000014,57.28000017,43.53999999,33.12000008,89.94,62.02000013,55.97000059,22.83000027,20.28000014,65.13000002,63.81999993,14.99000002,9.460000142,47.24000055
Jul-12,108.6099999,93.79999996,93.36999997,123.6299999,84.03999962,197.4300001,58.27999966,74.86000013,51.55000019,66.52999967,82.76999966,121.1100003,88.92999932,48.55000064,111.0900004
Aug-12,63.90000047,60.37999972,93.95000081,62.72999997,70.28999953,155.0600005,91.74999982,105.2099998,63.33000007,136.5199981,56.19000008,83.91999938,15.8900003,59.47000027,84.14000112
Sep-12,44.60000001,50.06000055,63.26999953,53.59999979,67.16999985,111.5100005,26.44000018,57.01000027,44.84000051,30.21999982,20.67000009,51.09000006,4.229999915,0.569999993,48.2100004
Oct-12,121.7999994,119.5799994,215.7999993,69.11999983,62.76999983,184.0300002,125.0500011,121.35,135.5200009,82.06000088,20.71999972,93.30000003,59.54999989,120.93,118.9799983
Nov-12,125.2599994,119.3999997,124.3500006,82.36999941,69.01000015,95.8600001,143.6199996,130.1800005,177.1999987,85.14999989,93.2799998,118.6900003,82.55999936,148.8099992,156.7199994
Dec-12,197.8500001,171.6700005,161.8300004,50.01000011,50.73000056,83.989999,122.7700007,144.449999,129.2399994,88.35000002,136.46,171.4600003,172.2099997,111.9899998,140.9000004
Jan-13,80.39000006,93.73999889,79.21000046,65.89000005,99.01999989,162.3300013,67.37999991,85.37000042,68.71999976,175.4700008,69.39999961,89.35999973,57.60000058,112.3000005,73.14999983
Feb-13,117.3600005,153.2299994,218.4600004,54.12000054,65.47999963,93.58000007,180.2500003,173.829999,104.2100004,216.3399983,142.1099998,284.3899997,62.65999955,83.62999952,149.3100003
Mar-13,13.54999984,6.399999915,55.77000064,100.0799994,70.95999986,99.96999967,84.49999973,85.78999934,71.21000059,21.5600002,0.129999995,13.9200001,83.80000053,88.14999986,123.1700013
Apr-13,109.0699996,107.5900004,150.1199984,144.5999996,95.23999986,156.3099987,129.2800004,109.4000005,101.0799995,69.70000005,74.51999938,61.83999989,83.20999949,113.3199999,163.2999994
May-13,86.06999929,78.05000024,86.5900007,93.16000068,68.00999995,163.5199997,89.82000002,123.0600007,91.22000054,42.21999995,57.04000012,61.30999973,64.98000074,81.0600003,113.9300002
Jun-13,29.06000039,26.12000011,85.44000025,91.90000099,67.3900001,155.6099989,37.17000024,40.04000008,16.58999994,22.98000007,36.2799999,36.32000011,27.18000001,30.89000015,34.02999997
Jul-13,117.0300001,121.7899996,49.81999944,68.4300001,46.32999992,185.849999,78.59000018,70.87000082,78.45999959,48.4099997,81.05999956,80.39000035,86.80999929,61.04999956,140.1699996
Aug-13,92.50000143,117.9399983,183.2100011,87.12999995,70.75999983,145.9299986,107.4400007,138.3199981,99.47999987,89.85000001,44.18000019,57.30999974,35.06999977,55.43999949,166.4300002
Sep-13,158.2099994,132.6100004,84.43999991,73.35999987,65.57999998,126.3000009,91.72999956,96.95000063,43.03000048,54.60999969,81.52000016,105.2500001,5.970000088,18.19000003,87.29999921
Oct-13,92.22000045,82.83000034,86.12999992,39.77000043,59.96000084,151.0199994,67.13999958,89.08000004,102.7899997,50.64000018,81.03000014,66.01000052,76.75999983,71.44999926,83.78000021
Nov-13,104.23,113.1799993,111.4599998,58.97000018,66.2900003,104.5699995,101.2699995,150.6400004,81.26000008,78.06000023,79.49999918,119.2199998,103.2399999,111.2600004,154.849999
Dec-13,219.6499999,197.6200005,233.069999,75.05999944,52.50999984,106.5600008,158.9000009,183.239999,115.8199998,265.4300024,224.1500004,235.1800013,144.389998,111.9399994,181.5299991
Jan-14,141.59,139.7700005,133.7999998,89.7900005,75.63000011,161.5799992,92.54999956,61.83999991,33.95999974,48.40999927,25.58999983,67.6700002,32.28000014,30.88999978,54.79999988
Feb-14,14.07904355,25.77282611,24.32457883,70.28229619,81.72061502,78.16170832,70.3977473,45.58606049,17.13396253,62.18461839,12.32925478,17.11130211,54.68624467,53.63973757,45.55496604
Mar-14,2.639999969,1.620000033,58.80000111,64.02000004,54.32000062,68.79999951,73.97000033,85.79999907,62.47000046,26.89999979,0.189999998,2.419999957,95.32000041,76.91000043,116.46
Apr-14,14.15000019,11.18999971,87.30000006,97.73999929,109.7299999,202.9700001,97.54000024,122.2699991,90.01999998,25.41999982,31.66999968,33.87999969,100.6799999,120.1700003,96.77999894
May-14,57.77000005,63.49000026,63.81000009,96.88999978,94.26000011,151.8999995,117.4199991,119.0499993,114.3099998,30.32000037,54.10000005,89.7599993,78.68000044,108.8899994,92.62999971
Jun-14,41.75146122,24.2339844,43.19245057,59.40063775,69.6244138,161.5797605,64.25053131,73.85207682,45.92423593,15.34287435,16.70646454,24.50693364,45.26249717,46.63651681,89.93561768
Jul-14,71.59000011,56.57999972,41.22000042,35.20999995,36.23000042,203.9899988,31.45999982,53.16000038,15.34999985,11.29999997,38.94000016,35.9499999,10.90999997,21.8099997,76.40000078
Aug-14,141.3299992,141.77,131.8599997,101.5200001,62.92000002,94.2700002,160.0499988,114.9499995,38.57000023,87.84999917,103.8099996,110.8899996,53.91000044,65.84000072,104.1299998
Sep-14,58.25999957,32.04999994,63.53999904,51.75999978,50.22,172.3299989,49.35999966,83.89000002,35.59000039,57.76999995,36.84999995,60.21999977,7.270000026,14.89000052,19.67999992
Oct-14,86.07952983,67.21778261,41.10346579,57.45320748,40.97899123,60.27919815,129.3641807,104.9887872,51.21805853,59.39561146,58.16524246,73.82373168,4.790418468,35.81823126,41.09177412
Nov-14,139.7699994,100.1799993,146.8000002,78.75999975,68.00000021,143.0800006,86.04000041,144.4700008,144.8100013,88.50000121,102.2500011,134.9800007,59.18000054,168.5100003,117.9500007
Dec-14,135.160001,152.6499999,181.8300009,47.84000015,64.34000039,117.2399994,190.3299991,147.4400001,96.26000011,116.3500002,96.04999996,156.3499993,87.88999907,86.28000017,133.2300006
Jan-15,170.8799996,173.5099999,245.3699988,92.32000017,96.26000011,211.6900011,201.4199994,136.7599999,64.52000031,151.1100005,95.00000004,181.2699985,53.18999958,54.74000028,89.71999939
Feb-15,25.95000063,21.47000013,50.44999969,11.40999985,17.93000013,45.50999966,146.2900012,81.07999936,118.8099997,130.4899997,24.29999997,81.14000026,80.35000037,80.21000051,230.369998
Mar-15,1.589173717,1.799257886,70.37666251,40.33374497,39.06860969,56.26893387,100.2004029,104.5657502,97.87581135,50.25062884,0.523458589,8.602155279,77.23872437,125.5530076,146.8071826
Apr-15,38.93999991,30.94999994,78.66000031,61.9399991,40.92000002,90.84,160.6099977,164.0400001,153.5300006,72.09000099,11.63000007,53.58999915,134.3399994,115.5599993,129.6300004
May-15,24.10000017,38.45999987,67.52999963,120.4699993,55.55000004,144.5199991,91.76000002,90.13999897,89.18000033,35.71999978,25.17000008,47.09000026,49.16999985,36.19000018,113.5199996
Jun-15,98.07000056,73.17999986,84.83000067,34.12000003,31.25999995,86.68999976,96.64999956,84.94999978,36.0700001,44.08000062,49.47999975,83.1299994,15.00999999,19.69000019,80.37000048
Jul-15,72.60999981,55.130001,79.66999991,46.65999964,24.76000023,48.90999988,28.94000027,52.13000019,33.62999904,41.60000002,32.62999971,40.02999976,0,16.29000017,16.53000009
Aug-15,140.6158593,120.0029409,102.0882047,30.62436612,25.17291885,45.48758775,125.2541029,70.64242742,7.000818763,96.6882164,95.04532365,107.3537727,-0.00426328,1.693631447,13.99811697
Sep-15,25.23999999,29.51999976,67.02999957,25.09999999,26.2299998,94.04999967,51.66000091,38.7999997,23.30999967,23.38000041,14.01999997,33.33000001,4.329999924,0,13.24000013
Oct-15,67.18999992,44.55000043,115.7899985,34.44999966,42.6300001,50.17999983,47.37000027,112.4900005,27.23999999,32.4099996,51.16999993,84.65000075,5.50999999,47.41999979,36.00999972
Nov-15,131.7699987,117.0500002,170.2499993,52.57999992,60.39999996,83.20999974,140.6699986,195.2699984,171.8800007,67.20000034,80.26999969,107.3299992,72.89999957,68.40999992,124.2999995
Dec-15,136.0399996,116.5700003,82.02000046,55.14000022,41.4499999,92.07000023,92.51000041,162.3100008,145.5199996,77.53000003,88.75000034,129.3000004,101.7400013,130.6499991,175.1799992
Jan-16,6.950000063,9.550000131,62.92999962,14.8599999,23.46000063,40.22000039,124.3100015,91.03999928,171.9899985,85.72000128,20.44000011,56.49000012,73.53999946,129.8200009,94.78000031
Feb-16,27.28000017,22.48000035,69.69999966,5.149999976,10.05000019,20.03000015,234.8400001,62.08999997,113.2000002,187.18,22.71000011,67.20999973,85.24999955,91.46999966,114.3599998
Mar-16,2.009999961,1.990000017,47.92000061,12.29000008,14.07000011,11.39999992,76.07999913,57.67999959,126.5300005,64.92000046,4.989999963,22.3,55.52000028,118.7199996,119.6399986
Apr-16,13.84000021,24.90999965,57.13000008,80.4899995,36.79999974,76.99000037,211.1300015,139.9300003,127.5699989,32.08999953,3.269999959,44.84000021,111.339999,167.1300008,114.8200001
May-16,73.99000083,79.12000085,125.7100002,59.74999994,52.51999983,124.3200006,113.0299999,68.00999963,162.0599995,51.08000037,48.84000052,75.23000017,99.96000028,109.7800009,76.61999968
Jun-16,140.1699994,170.4500005,60.19000047,67.71999955,46.69000004,114.1700002,88.4199994,109.4499993,51.69000058,61.81000017,92.68999927,115.49,44.46000016,54.26000027,107.7799996
Jul-16,120.5,101.8399996,68.6800001,76.32999995,44.1099993,103.3,62.08999985,80.77999941,54.88000038,56.9800002,84.37000012,150.5699997,37.41999966,41.41999972,107.3799996
Aug-16,41.1800002,40.34999983,101.1099997,45.49000004,48.27999961,128.1300011,105.6500005,83.89000034,40.23000026,42.37999992,33.47999982,52.8100004,20.59000029,35.4899998,56.46999997
Sep-16,98.89000015,100.8299989,80.66999951,69.44000036,69.02999969,187.2800001,112.1799998,75.33999977,48.98999971,32.65999963,58.9399998,81.73000014,72.09000036,73.00999975,69.30999988
Oct-16,134.7799987,126.0799995,141.3700002,45.43000007,75.11000006,174.3600001,102.4400006,98.04999991,135.3499992,64.06999982,91.93000023,99.30999945,129.5299998,147.959999,168.4200008
Nov-16,58.36999962,64.8199998,79.02999969,56.28000006,70.74999997,121.9800002,138.0899991,66.19000009,107.8299991,69.88999985,61.03999993,106.4000002,141.1800009,105.9899996,96.59000054
Dec-16,153.7300001,153.0400001,94.42999992,89.82000074,73.88999963,194.78,172.2800009,101.4700002,109.7000002,136.7900004,115.8999997,214.6999979,42.94000013,127.4300006,108.9499992
Jan-17,85.15000048,102.4199993,203.0199985,60.03000075,75.06000072,149.4000004,223.9400005,172.4800006,54.36999977,149.0199997,37.90999982,98.00999998,69.73999985,87.75000007,109.1900004
Feb-17,87.98999893,60.84000018,191.5100006,42.39999986,46.44999993,79.4399994,156.1899996,138.4999991,108.3800005,198.6800004,47.41000023,118.6000004,104.3399988,102.7299992,103.6899992
Mar-17,69.66999985,74.51999964,94.84000002,85.28000057,82.6999999,154.5999995,121.05,154.2699994,57.3899999,60.30999975,60.34000059,90.02999969,48.39999919,61.0799991,111.4299987
Apr-17,39.63726168,38.00875516,79.02378445,62.65793924,75.18446462,123.6837776,151.8006557,157.9452492,82.70405688,38.01109233,42.80400026,68.99567486,68.39618557,144.5945861,101.8963647
May-17,82.21999976,93.05999917,100.8799996,82.73999962,91.5800004,179.3599978,120.0999993,119.6400005,75.74999985,74.23999977,58.88999948,84.55999999,55.01000009,50.79000044,172.3200008
Jun-17,63.87999996,72.6699998,112.4899998,90.30000046,81.59000024,172.1099997,111.1600003,75.17000028,42.03000022,60.36999986,69.7199997,78.87999978,71.74000004,54.86000037,97.3999995
Jul-17,55.14836888,69.5017354,34.1076967,77.90765869,42.49645896,171.7619747,76.47737796,43.99535682,72.86113929,45.66404525,86.10287253,72.52255637,56.04197548,65.89728049,151.4278022
Aug-17,125.4000004,146.8999997,109.5200003,64.24000004,77.13999985,131.5899998,137.2799989,116.9600003,146.9599999,133.6799999,136.8199998,153.5000008,85.34999931,106.7000004,149.4199988
Sep-17,143.9400004,126.3699997,120.9900002,85.05000007,63.60000028,113.77,77.77999929,138.15,79.63999987,80.37000041,110.3000002,130.0999997,59.53999969,78.89000022,120.4200003
Oct-17,121.0200004,102.7100004,76.6700004,93.00999963,92.34000042,151.5299995,141.11,78.46000025,64.9400001,80.52999946,66.78000033,80.85000056,53.11000031,115.0000008,145.9100016
Nov-17,181.0899998,130.1599991,136.8499999,38.36999997,44.87000033,120.5199995,131.2199998,161.0399997,84.53000048,68.70000049,91.5599988,151.8099995,122.6700004,69.72000012,126.2400009
Dec-17,124.8099999,102.8000005,130.4000002,81.07000044,72.26000005,151.8099993,186.8400012,148.1600011,59.75999969,171.9699991,84.05999965,163.0899982,53.35000058,63.25999923,114.1600004
Jan-18,185.7500003,190.9999998,121.5099993,109.5799996,117.0799999,225.2499999,216.2099997,136.2599986,49.95999974,151.8699987,127.0499996,114.7000007,62.1499998,33.83999981,66.32000013
Feb-18,29.90999969,48.04999986,157.4699992,59.19000018,95.85999912,90.49999994,175.4100016,118.2299999,108.5899996,203.0099983,23.33000012,98.29000096,68.07000019,124.3600002,99.66999981
Mar-18,17.44792036,23.57218264,78.6116069,34.93653651,43.58683937,76.6396797,126.787119,111.1812753,92.18462536,47.95803665,22.79452704,27.50372962,64.317729,79.35477142,147.2654368
Apr-18,63.54336595,27.48764902,83.02203221,145.0308431,64.59933521,148.1182824,175.281861,98.79623652,146.6456569,44.18077749,37.75338137,49.22786284,64.54455102,151.007348,147.976589
May-18,85.60999998,87.79000054,104.9899991,73.9100005,73.21999958,90.25000021,86.05000041,125.94,98.2800009,83.30000094,54.35999952,89.13999905,93.93000001,134.9500003,106.1300001
Jun-18,52.06000018,58.52999938,85.53000085,58.13,40.11999995,96.53999946,58.98999974,69.43000013,46.99000069,23.43000004,42.48000011,48.20999964,84.39999966,24.75999986,42.44000018
Jul-18,62.1799993,56.48999988,70.89000019,34.18000001,27.88000014,114.9700001,46.1500006,73.47000015,40.23999929,38.37999991,66.58000081,52.71000027,15.27000026,13.95999989,46.16000003
Aug-18,49.06000023,46.53999983,48.75000004,64.58999953,36.10000022,87.78000009,53.42999996,56.45000023,65.32999972,32.92000014,22.72999998,47.69999981,3.570000052,8.160000116,57.74000043
Sep-18,109.8800003,118.1100003,75.70000009,58.34999964,71.92000026,152.4800007,79.04000063,107.6299995,61.51000088,107.4900008,60.91000045,66.45999959,47.2200004,46.73000038,69.79000026
Oct-18,99.32999961,112.5100003,111.5599998,86.4899995,58.03999913,119.8499997,101.59,113.49,115.2099987,92.52999917,67.42999951,114.8699991,29.33000019,53.02000052,95.79000053
Nov-18,104.7200004,85.12999996,150.2599997,52.64000034,32.87999958,98.59999955,118.100001,103.2899998,93.18000054,105.9600002,54.27999975,109.7199997,75.55999969,105.9699998,113.9799999
Dec-18,160.8215307,173.5007478,144.8083727,46.59902075,46.12352395,81.08246791,145.5551455,159.6001406,49.26656755,87.21972746,53.50296965,165.5546923,125.9118265,114.3028924,115.0953427
Jan-19,61.48515517,55.88105229,91.79079021,35.1703938,49.8115554,114.7473347,118.1957733,71.71649207,95.83276308,350.3635966,35.51009276,110.2556358,87.89317462,72.79905247,121.0845636
Feb-19,4.439225884,1.098855055,50.67298803,8.943080871,14.14604968,15.55622906,143.5402634,162.1823224,127.8499751,61.71332682,6.31925245,39.67208325,75.51064386,91.86264795,147.7552596
Mar-19,16.68999994,31.8800005,30.75999975,59.17999965,41.02000001,57.71000007,101.1399992,93.52000076,25.93000005,13.40999983,16.90999995,44.44999966,57.34999982,65.57999955,81.63999958
Apr-19,39.9782291,42.55863262,98.09693518,69.15545023,32.4299503,94.73037204,108.4001976,143.8650454,142.6161322,28.85995203,34.35341257,62.89582043,103.2328793,147.411935,119.811834
May-19,32.58056395,29.99350729,98.03594492,79.45180493,49.63853589,197.0922409,95.62315679,76.10015201,118.9937252,31.96643922,28.72743419,42.07496346,51.31140167,34.84556445,134.17167
Jun-19,115.8578277,117.9520269,81.26343726,84.07634756,86.23145187,191.9960799,69.80354301,91.78030068,62.06057764,40.24499787,102.147333,108.9181882,64.98640601,36.51468129,131.2687364
Jul-19,87.84999943,81.35000023,71.49999942,85.03999975,56.86999954,104.2599996,76.27999999,113.8299999,25.67999986,68.05999946,69.00999967,59.91000026,1.149999976,9.260000169,34.82999992
Aug-19,36.60999951,53.57,19.53000018,44.2899998,30.96999995,78.5100002,54.81000057,45.90999943,11.81000012,23.2700001,46.37999984,41.2799996,2.899999976,1.480000019,48.62000096
Sep-19,56.57110678,41.25572755,86.96152449,36.53794534,25.25252619,54.15311889,43.98735383,58.64605267,26.69440999,50.97969894,33.06760859,75.60542187,18.54781811,17.40392518,47.98842522
Oct-19,102.8496238,89.37116692,195.1425713,58.70997667,36.93350929,71.1769321,143.4678312,148.838188,101.8787455,62.59757222,60.37720162,110.1615586,42.61957542,73.99305178,82.56167682
Nov-19,57.8681526,51.22845965,98.33489888,51.45404131,51.83006178,75.39404186,182.6192264,78.07706839,140.1865878,90.21220012,82.30884431,106.3412405,61.53871384,37.6847982,55.70665865
Dec-19,189.3124765,165.9886135,180.9411995,88.07170226,86.13406189,190.6473551,220.8320854,169.2097535,170.769704,375.523866,84.11308955,294.1687819,58.08530602,106.3016336,156.6027972
